{
  "numeric": {
    "age": {
      "ks": 1.0,
      "wasserstein": 35.84608276918293,
      "quantile_abs_diff": [
        19.295574987097687,
        22.676235160053697,
        31.005557962705083,
        47.344576494765576,
        58.62517551290232
      ]
    },
    "fnlwgt": {
      "ks": 1.0,
      "wasserstein": 255094.19233130148,
      "quantile_abs_diff": [
        55480.58741601773,
        122911.31112928753,
        193661.66777897062,
        331783.05308702437,
        474803.50387370633
      ]
    },
    "capital-gain": {
      "ks": 0.9146489773355445,
      "wasserstein": 6151.899500711165,
      "quantile_abs_diff": [
        5.199337582605575,
        5.199337582605575,
        5.199337582605575,
        5.199337582605575,
        14344.254337582604
      ]
    },
    "capital-loss": {
      "ks": 0.9525704809286899,
      "wasserstein": 253.36705384071976,
      "quantile_abs_diff": [
        5.199337582605575,
        5.199337582605575,
        5.199337582605575,
        5.199337582605575,
        1661.3563175826055
      ]
    },
    "hours-per-week": {
      "ks": 0.9779242675511333,
      "wasserstein": 45.43270941825344,
      "quantile_abs_diff": [
        21.28916926925088,
        40.108592765781026,
        40.108592765781026,
        54.186756994765574,
        69.01461068768347
      ]
    }
  },
  "categorical": {
    "workclass": {
      "l1_freq_error": 2.0,
      "per_category_abs_diff": {
        "Local-gov": 0.255,
        "0": 0.03173023770038695,
        "Self-emp-not-inc": 0.115,
        "4": 0.08656716417910448,
        "Federal-gov": 0.115,
        "2": 0.7352128247650636,
        "1": 0.06788280818131565,
        "5": 0.04300718629076838,
        "State-gov": 0.105,
        "Self-emp-inc": 0.125,
        "3": 0.034715312327252626,
        "6": 0.0008844665561083472,
        "Private": 0.14,
        "Without-pay": 0.145
      }
    },
    "education": {
      "l1_freq_error": 2.0,
      "per_category_abs_diff": {
        "7": 0.03405196241017137,
        "11": 0.3257048092868988,
        "0": 0.02642343836373687,
        "2": 0.011498065229408513,
        "5": 0.017468214483139857,
        "13": 0.0015478164731896075,
        "HS-grad": 0.06,
        "Some-college": 0.065,
        "Doctorate": 0.035,
        "6": 0.013488114980652294,
        "9": 0.16627971254836926,
        "Assoc-voc": 0.04,
        "Prof-school": 0.09,
        "9th": 0.09,
        "12": 0.05450525152017689,
        "10th": 0.055,
        "Preschool": 0.045,
        "Bachelors": 0.1,
        "1st-4th": 0.045,
        "4": 0.009508015478164732,
        "10": 0.011166390270867884,
        "1": 0.03548922056384743,
        "Masters": 0.09,
        "12th": 0.05,
        "11th": 0.08,
        "3": 0.005638474295190713,
        "Assoc-acdm": 0.075,
        "14": 0.017468214483139857,
        "8": 0.04499723604201216,
        "5th-6th": 0.065,
        "15": 0.2247650635710337,
        "7th-8th": 0.015
      }
    },
    "marital-status": {
      "l1_freq_error": 2.0,
      "per_category_abs_diff": {
        "Widowed": 0.03,
        "Never-married": 0.215,
        "Separated": 0.145,
        "0": 0.13421779988944169,
        "4": 0.32725262576008846,
        "1": 0.0007739082365948038,
        "2": 0.46556108347153125,
        "5": 0.033720287451630734,
        "Married-civ-spouse": 0.175,
        "3": 0.01105583195135434,
        "Married-spouse-absent": 0.19,
        "6": 0.027418463239358763,
        "Married-AF-spouse": 0.075,
        "Divorced": 0.17
      }
    },
    "occupation": {
      "l1_freq_error": 2.0,
      "per_category_abs_diff": {
        "7": 0.09983416252072969,
        "11": 0.11730237700386954,
        "0": 0.1238253178551686,
        "Adm-clerical": 0.04,
        "2": 0.13974571586511886,
        "13": 0.049861802100608074,
        "5": 0.04787175234936429,
        "Tech-support": 0.18,
        "Priv-house-serv": 0.09,
        "6": 0.06500829187396352,
        "Machine-op-inspct": 0.105,
        "Sales": 0.04,
        "9": 0.12924267551133223,
        "Protective-serv": 0.065,
        "Prof-specialty": 0.06,
        "12": 0.032061912658927584,
        "Craft-repair": 0.015,
        "4": 0.03526810392482034,
        "10": 0.021669430624654505,
        "1": 0.0003316749585406302,
        "Farming-fishing": 0.07,
        "Handlers-cleaners": 0.08,
        "Exec-managerial": 0.045,
        "Transport-moving": 0.07,
        "3": 0.1322277501381979,
        "Other-service": 0.07,
        "8": 0.0057490326147042565,
        "Armed-Forces": 0.07
      }
    },
    "relationship": {
      "l1_freq_error": 2.0,
      "per_category_abs_diff": {
        "Own-child": 0.235,
        "Husband": 0.14,
        "0": 0.41315644002211166,
        "Wife": 0.14,
        "4": 0.1077943615257048,
        "Other-relative": 0.195,
        "2": 0.02808181315644002,
        "1": 0.2545052515201769,
        "5": 0.047429519071310114,
        "3": 0.1490326147042565,
        "Not-in-family": 0.055,
        "Unmarried": 0.235
      }
    },
    "race": {
      "l1_freq_error": 2.0,
      "per_category_abs_diff": {
        "Asian-Pac-Islander": 0.145,
        "0": 0.011498065229408513,
        "Black": 0.225,
        "4": 0.8582642343836374,
        "2": 0.09441680486456606,
        "1": 0.02841348811498065,
        "3": 0.007407407407407408,
        "Amer-Indian-Eskimo": 0.225,
        "White": 0.16,
        "Other": 0.245
      }
    },
    "sex": {
      "l1_freq_error": 2.0,
      "per_category_abs_diff": {
        "0": 0.3289110005527916,
        "Male": 0.5,
        "Female": 0.5,
        "1": 0.6710889994472085
      }
    },
    "native-country": {
      "l1_freq_error": 2.0,
      "per_category_abs_diff": {
        "32": 0.004864566058595909,
        "11": 0.0012161415146489773,
        "34": 0.0021006080707573244,
        "Scotland": 0.085,
        "Columbia": 0.01,
        "Cuba": 0.005,
        "England": 0.055,
        "21": 0.0018794914317302378,
        "South": 0.03,
        "6": 0.0006633499170812604,
        "Holand-Netherlands": 0.005,
        "39": 0.002211166390270868,
        "China": 0.045,
        "Cambodia": 0.025,
        "3": 0.0015478164731896075,
        "Dominican-Republic": 0.04,
        "18": 0.0026533996683250414,
        "Germany": 0.02,
        "28": 0.001105583195135434,
        "23": 0.002211166390270868,
        "35": 0.0007739082365948038,
        "United-States": 0.045,
        "25": 0.019126589275843008,
        "13": 0.001105583195135434,
        "Jamaica": 0.025,
        "Vietnam": 0.005,
        "Hong": 0.025,
        "Iran": 0.015,
        "Peru": 0.035,
        "29": 0.006412382531785517,
        "4": 0.002542841348811498,
        "27": 0.0002211166390270868,
        "37": 0.0001105583195135434,
        "Italy": 0.055,
        "16": 0.0008844665561083472,
        "14": 0.0001105583195135434,
        "38": 0.9142067440574904,
        "Guatemala": 0.03,
        "Greece": 0.035,
        "7": 0.0034273079049198453,
        "Canada": 0.02,
        "Outlying-US(Guam-USVI-etc)": 0.015,
        "24": 0.0002211166390270868,
        "22": 0.0018794914317302378,
        "9": 0.0012161415146489773,
        "30": 0.0015478164731896075,
        "12": 0.0021006080707573244,
        "France": 0.055,
        "10": 0.0051962410171365395,
        "Taiwan": 0.03,
        "Yugoslavia": 0.015,
        "33": 0.0002211166390270868,
        "Thailand": 0.045,
        "31": 0.0014372581536760641,
        "36": 0.0007739082365948038,
        "8": 0.003648424543946932,
        "Philippines": 0.01,
        "Honduras": 0.025,
        "20": 0.0009950248756218905,
        "26": 0.0004422332780541736,
        "Haiti": 0.015,
        "0": 0.000552791597567717,
        "40": 0.000552791597567717,
        "2": 0.0032061912658927585,
        "5": 0.0018794914317302378,
        "17": 0.000552791597567717,
        "Trinadad&Tobago": 0.015,
        "19": 0.0007739082365948038,
        "Ireland": 0.02,
        "Mexico": 0.005,